﻿{
  "ApplicationTheme": "Dark",
  "OpenInPresentationMode": false,
  "UseSingleWindow": true,
  "EditorTheme": "vscodedark",
  "Editor": {
    "Font": "Consolas",
    "FontSize": 16,
    "LineHeight": 1.45,
    "CenteredMode": false,
    "CenteredModeMaxWidth": 970,
    "Padding": 20,
    "ZoomLevel": 100,
    "EditorPreviewFlowDirection": "LeftToRight",
    "HighlightActiveLine": true,
    "ShowLineNumbers": false,
    "ShowInvisibles": true,
    "LinefeedMode": "Lf",
    "NoAutoComplete": false,
    "TablePasteMode": "PipeTable",
    "EnableSpellcheck": true,
    "Dictionary": "ru",
    "TabSize": 4,
    "UseSoftTabs": true,
    "WrapText": true,
    "WrapMargin": 0,
    "ClickableLinks": true,
    "ShowPrintMargin": false,
    "PrintMargin": 0,
    "KeyboardHandler": "default",
    "EnableRightToLeft": false,
    "EnableBulletAutoCompletion": false,
    "AdditionalToolbarIcons": {},
    "PreviewHighlightTimeout": 1800
  },
  "PreviewTheme": "Github",
  "PreviewSyncMode": "EditorToPreview",
  "PreviewMode": "InternalPreview",
  "PreviewHttpLinksExternal": false,
  "TitlebarDisplay": "FilenameOnly",
  "DistractionFreeModeHideOptions": "toolbar,statusbar,menu,preview,tabs,maximized,maxwidth:960",
  "AutoSaveDocuments": false,
  "AutoSaveBackups": false,
  "AlwaysUsePreviewRefresh": false,
  "DefaultCodeSyntax": "text",
  "WebBrowserPreviewExecutable": null,
  "WebBrowserSearchEngine": "DuckDuckGo",
  "OpenFolderCommand": "explorer.exe",
  "TerminalCommand": "cmd.exe",
  "TerminalCommandArgs": "/k \"cd {0}\"",
  "OpenDocuments": [
    {
      "Filename": "C:\\web.adm.task.doc\\tu.md",
      "IsActive": true,
      "LastEditorLineNumber": 0,
      "LastImageFolder": null
    }
  ],
  "RecentDocuments": [
    "C:\\web.adm.task.doc\\tu.md",
    "C:\\web.adm.task.doc\\tu.mdproj",
    "C:\\Users\\zvb\\AppData\\Local\\Temp\\SampleMarkdown.md"
  ],
  "RecentDocumentsLength": 10,
  "RememberLastDocumentsLength": 5,
  "Images": {
    "ImageEditor": "mspaint.exe",
    "ImageViewer": null,
    "JpegImageCompressionLevel": 80,
    "LastImageWidth": 970,
    "LastImageHeight": 700
  },
  "Markdown": {
    "AutoLinks": true,
    "AutoHeaderIdentifiers": true,
    "StripYamlFrontMatter": true,
    "UseTables": true,
    "FootersAndFootnotes": true,
    "ListExtras": true,
    "EmojiAndSmiley": true,
    "MediaLinks": true,
    "Figures": true,
    "GithubTaskLists": true,
    "UseMathematics": true,
    "MermaidDiagrams": true,
    "Abbreviations": true,
    "CustomContainers": true,
    "GenericAttributes": false,
    "SmartyPants": false,
    "NoHtml": false,
    "RenderLinksAsExternal": false,
    "ItalicSymbol": "*",
    "SoftReturnSymbol": "  ",
    "MarkdigExtensions": "",
    "AllowRenderScriptTags": false,
    "MarkdownParserName": "MarkDig",
    "ParseDocFx": true,
    "MarkdownLinting": true,
    "MarkdownSymbols": {},
    "MermaidDiagramsUrl": "https://cdn.jsdelivr.net/npm/mermaid/dist/mermaid.min.js"
  },
  "EditorExtensionMappings": {
    "md": "markdown",
    "markdown": "markdown",
    "mdcrypt": "markdown",
    "mdown": "markdown",
    "mkd": "markdown",
    "mkdn": "markdown",
    "json": "json",
    "kavadocs": "json",
    "mdproj": "json",
    "html": "html",
    "htm": "html",
    "cs": "csharp",
    "fs": "fsharp",
    "js": "javascript",
    "ts": "typescript",
    "dart": "dart",
    "css": "css",
    "less": "less",
    "sass": "sass",
    "sql": "sqlserver",
    "prg": "foxpro",
    "vb": "vb",
    "py": "python",
    "c": "c_cpp",
    "cpp": "c_cpp",
    "ps1": "powershell",
    "sh": "bash",
    "bat": "batchfile",
    "cmd": "batchfile",
    "asp": "html",
    "aspx": "html",
    "jsx": "jsx",
    "php": "php",
    "go": "golang",
    "cshtml": "razor",
    "vbhtml": "razor",
    "r": "r",
    "mak": "makefile",
    "xml": "xml",
    "xaml": "xml",
    "wsdl": "xml",
    "config": "xml",
    "ini": "ini",
    "user": "xml",
    "dotsettings": "xml",
    "csproj": "xml",
    "sln": "xml",
    "nuspec": "xml",
    "yaml": "yaml",
    "dockerfile": "dockerfile",
    "yml": "yaml",
    "diff": "diff",
    "txt": "text",
    "log": "text"
  },
  "ExternalPrograms": [],
  "ApplicationUpdates": {
    "LastUpdateCheck": "2023-02-07T00:00:00Z",
    "UpdateFrequency": 5,
    "AccessCount": 0,
    "FirstRun": false
  },
  "WindowPosition": {
    "Top": 0,
    "Left": 20,
    "Width": 1240,
    "Height": 600,
    "InternalPreviewWidth": 549,
    "PreviewTop": 0,
    "PreviewLeft": 0,
    "PreviewHeight": 700,
    "TableEditorLeft": 0,
    "TableEditorTop": 0,
    "TableEditorWidth": 0,
    "TableEditorHeight": 0,
    "PreviewWidth": 549,
    "PreviewDisplayMode": "ActivatedByMainWindow",
    "PreviewDocked": false,
    "SplitterPosition": 600,
    "RightSidebardWidth": 250,
    "ConsolePanelHeight": 100.0,
    "IsTabHeaderPanelVisible": true,
    "WindowState": "Maximized",
    "WindowPresets": [
      "2500 x 1750,1050,350",
      "2250 x 1500,920,330",
      "1900 x 1020,730,310",
      "1600 x 850,600,300",
      "1250 x 760,445,270",
      "950 x 620,445,0",
      "770 x 560,380,0"
    ]
  },
  "FolderBrowser": {
    "WindowWidth": 300,
    "Visible": false,
    "FolderPath": null,
    "IgnoredFolders": ".git,node_modules,.vs,.idea",
    "IgnoredFileExtensions": ".saved.bak,kavadocstopic.md,.saved.bak.md",
    "RecentFolders": [
      "C:\\web.adm.task.doc",
      "C:\\Users\\zvb\\AppData\\Local\\Temp"
    ],
    "ShowIcons": true,
    "MarkdownPreviewMode": "EditorPreview",
    "DoubleClickDelay": 300,
    "TrackDocumentInFolderBrowser": false,
    "ShowToolTips": true,
    "FileOrder": "Name",
    "SearchInSubFolders": false
  },
  "Git": {
    "GitCommitBehavior": "CommitAndPush",
    "CloseAfterCommit": true,
    "GitClientExecutable": "C:\\Users\\zvb\\AppData\\Local\\GitHubDesktop\\GitHubDesktop.exe",
    "GitDiffExecutable": "C:\\Program Files\\Beyond Compare 4\\BCompare.exe",
    "GitName": "zvb",
    "GitEmail": "zvbmegasoft@gmail.com"
  },
  "PdfOutputWindow": {
    "Title": null,
    "PageSize": "A4",
    "Orientation": "Portrait",
    "FooterText": "[page] / [topage]",
    "ImageDpi": 300,
    "GenerateTableOfContents": true,
    "DisplayPdfAfterGeneration": true,
    "Margins": {
      "MarginLeft": 0,
      "MarginRight": 0,
      "MarginTop": 0,
      "MarginBottom": 0
    },
    "PdfPreviewTheme": "Pdf Output"
  },
  "WebServer": {
    "Port": 5009,
    "AutoStart": false
  },
  "System": {
    "DisableHardwareAcceleration": false,
    "ShowPreviewDeveloperTools": false,
    "ShowPreviewDeveloperToolsOnStartup": false,
    "ShowEditorDeveloperTools": false,
    "DebugEditorHtmlTemplatesPath": ".\\Editor",
    "DebugPreviewHtmlTemplatesPath": ".\\PreviewThemes",
    "IgnoreWebViewVersionMismatch": false,
    "ReportErrors": false,
    "SendTelemetry": false
  },
  "Experimental": {
    "EnableCommandPalette": true
  },
  "IsPreviewVisible": true,
  "IsDocumentOutlineVisible": true,
  "MaxDocumentOutlineLevel": 4,
  "DisableAddins": false,
  "DisableSplashScreen": true,
  "ShowVersionNumberInTitle": true,
  "StatusMessageTimeout": 8000,
  "ShowGeneratedOutputInShell": false,
  "LastLinkExternal": false,
  "LastUseReferenceLinks": false,
  "LastLinkFolder": null,
  "LastFolder": "C:\\web.adm.task.doc",
  "CommonFolder": "C:\\Users\\zvb\\AppData\\Roaming\\Markdown Monster"
}